ID,Year,Date,Stage,Home_Team,Home_Goals,Away_Goals,Away_Team,Win_Conditions,Host_Team
1,1930,1930-07-13,"Group stage",France,4,1,Mexico,,0
2,1930,1930-07-13,"Group stage","United States",3,0,Belgium,,0
3,1930,1930-07-14,"Group stage",Yugoslavia,2,1,Brazil,,0
4,1930,1930-07-14,"Group stage",Romania,3,1,Peru,,0
5,1930,1930-07-15,"Group stage",Argentina,1,0,France,,0
6,1930,1930-07-16,"Group stage",Chile,3,0,Mexico,,0
7,1930,1930-07-17,"Group stage",Yugoslavia,4,0,Bolivia,,0
8,1930,1930-07-17,"Group stage","United States",3,0,Paraguay,,0
9,1930,1930-07-18,"Group stage",Uruguay,1,0,Peru,,1
10,1930,1930-07-19,"Group stage",Chile,1,0,France,,0
11,1930,1930-07-19,"Group stage",Argentina,6,3,Mexico,,0
12,1930,1930-07-20,"Group stage",Brazil,4,0,Bolivia,,0
13,1930,1930-07-20,"Group stage",Paraguay,1,0,Belgium,,0
14,1930,1930-07-21,"Group stage",Uruguay,4,0,Romania,,1
15,1930,1930-07-22,"Group stage",Argentina,3,1,Chile,,0
16,1930,1930-07-26,Semi-finals,Argentina,6,1,"United States",,0
17,1930,1930-07-27,Semi-finals,Uruguay,6,1,Yugoslavia,,1
18,1930,1930-07-30,Final,Uruguay,4,2,Argentina,,1
19,1934,1934-05-27,"Round of 16",Austria,3,2,France,"Extra time",0
20,1934,1934-05-27,"Round of 16",Hungary,4,2,Egypt,,0
21,1934,1934-05-27,"Round of 16",Switzerland,3,2,Netherlands,,0
22,1934,1934-05-27,"Round of 16",Sweden,3,2,Argentina,,0
23,1934,1934-05-27,"Round of 16",Germany,5,2,Belgium,,0
24,1934,1934-05-27,"Round of 16",Spain,3,1,Brazil,,0
25,1934,1934-05-27,"Round of 16",Italy,7,1,"United States",,1
26,1934,1934-05-27,"Round of 16",Czechoslovakia,2,1,Romania,,0
27,1934,1934-05-31,Quarter-finals,Czechoslovakia,3,2,Switzerland,,0
28,1934,1934-05-31,Quarter-finals,Germany,2,1,Sweden,,0
29,1934,1934-05-31,Quarter-finals,Italy,1,1,Spain,,1
30,1934,1934-05-31,Quarter-finals,Austria,2,1,Hungary,,0
31,1934,1934-06-01,Quarter-finals,Italy,1,0,Spain,,1
32,1934,1934-06-03,Semi-finals,Italy,1,0,Austria,,1
33,1934,1934-06-03,Semi-finals,Czechoslovakia,3,1,Germany,,0
34,1934,1934-06-07,"Third place",Germany,3,2,Austria,,0
35,1934,1934-06-10,Final,Italy,2,1,Czechoslovakia,"Extra time",1
36,1938,1938-06-04,"Round of 16",Switzerland,1,1,Germany,,0
37,1938,1938-06-05,"Round of 16",Hungary,6,0,Indonesia,,0
38,1938,1938-06-05,"Round of 16",France,3,1,Belgium,,1
39,1938,1938-06-05,"Round of 16",Cuba,3,3,Romania,,0
40,1938,1938-06-05,"Round of 16",Italy,2,1,Norway,"Extra time",0
41,1938,1938-06-05,"Round of 16",Brazil,6,5,Poland,"Extra time",0
42,1938,1938-06-05,"Round of 16",Czechoslovakia,3,0,Netherlands,"Extra time",0
43,1938,1938-06-09,"Round of 16",Cuba,2,1,Romania,,0
44,1938,1938-06-09,"Round of 16",Switzerland,4,2,Germany,,0
45,1938,1938-06-12,Quarter-finals,Brazil,1,1,Czechoslovakia,,0
46,1938,1938-06-12,Quarter-finals,Hungary,2,0,Switzerland,,0
47,1938,1938-06-12,Quarter-finals,Sweden,8,0,Cuba,,0
48,1938,1938-06-12,Quarter-finals,France,1,3,Italy,,1
49,1938,1938-06-14,Quarter-finals,Brazil,2,1,Czechoslovakia,,0
50,1938,1938-06-16,Semi-finals,Hungary,5,1,Sweden,,0
51,1938,1938-06-16,Semi-finals,Italy,2,1,Brazil,,0
52,1938,1938-06-19,"Third place",Brazil,4,2,Sweden,,0
53,1938,1938-06-19,Final,Italy,4,2,Hungary,,0
54,1950,1950-06-24,"First round",Brazil,4,0,Mexico,,1
55,1950,1950-06-25,"First round",England,2,0,Chile,,0
56,1950,1950-06-25,"First round",Spain,3,1,"United States",,0
57,1950,1950-06-25,"First round",Sweden,3,2,Italy,,0
58,1950,1950-06-25,"First round",Yugoslavia,3,0,Switzerland,,0
59,1950,1950-06-28,"First round",Brazil,2,2,Switzerland,,1
60,1950,1950-06-28,"First round",Yugoslavia,4,1,Mexico,,0
61,1950,1950-06-29,"First round",Spain,2,0,Chile,,0
62,1950,1950-06-29,"First round","United States",1,0,England,,0
63,1950,1950-06-29,"First round",Sweden,2,2,Paraguay,,0
64,1950,1950-07-01,"First round",Brazil,2,0,Yugoslavia,,1
65,1950,1950-07-02,"First round",Spain,1,0,England,,0
66,1950,1950-07-02,"First round",Italy,2,0,Paraguay,,0
67,1950,1950-07-02,"First round",Uruguay,8,0,Bolivia,,0
68,1950,1950-07-02,"First round",Chile,5,2,"United States",,0
69,1950,1950-07-02,"First round",Switzerland,2,1,Mexico,,0
70,1950,1950-07-09,"Final round",Uruguay,2,2,Spain,,0
71,1950,1950-07-09,"Final round",Brazil,7,1,Sweden,,1
72,1950,1950-07-13,"Final round",Brazil,6,1,Spain,,1
73,1950,1950-07-13,"Final round",Uruguay,3,2,Sweden,,0
74,1950,1950-07-16,"Final round",Sweden,3,1,Spain,,0
75,1950,1950-07-16,"Final round",Uruguay,2,1,Brazil,,1
76,1954,1954-06-16,"Group stage",Uruguay,2,0,Czechoslovakia,,0
77,1954,1954-06-16,"Group stage",Austria,1,0,Scotland,,0
78,1954,1954-06-16,"Group stage",Brazil,5,0,Mexico,,0
79,1954,1954-06-16,"Group stage",Yugoslavia,1,0,France,,0
80,1954,1954-06-17,"Group stage",Switzerland,2,1,Italy,,1
81,1954,1954-06-17,"Group stage",Germany,4,1,Turkey,,0
82,1954,1954-06-17,"Group stage",Hungary,9,0,"South Korea",,0
83,1954,1954-06-17,"Group stage",England,4,4,Belgium,,0
84,1954,1954-06-19,"Group stage",Uruguay,7,0,Scotland,,0
85,1954,1954-06-19,"Group stage",Austria,5,0,Czechoslovakia,,0
86,1954,1954-06-19,"Group stage",Brazil,1,1,Yugoslavia,,0
87,1954,1954-06-19,"Group stage",France,3,2,Mexico,,0
88,1954,1954-06-20,"Group stage",Hungary,8,3,Germany,,0
89,1954,1954-06-20,"Group stage",Turkey,7,0,"South Korea",,0
90,1954,1954-06-20,"Group stage",Italy,4,1,Belgium,,0
91,1954,1954-06-20,"Group stage",Switzerland,0,2,England,,1
92,1954,1954-06-23,"Group stage",Germany,7,2,Turkey,,0
93,1954,1954-06-23,"Group stage",Switzerland,4,1,Italy,,1
94,1954,1954-06-26,Quarter-finals,Uruguay,4,2,England,,0
95,1954,1954-06-26,Quarter-finals,Switzerland,5,7,Austria,,1
96,1954,1954-06-27,Quarter-finals,Germany,2,0,Yugoslavia,,0
97,1954,1954-06-27,Quarter-finals,Hungary,4,2,Brazil,,0
98,1954,1954-06-30,Semi-finals,Germany,6,1,Austria,,0
99,1954,1954-06-30,Semi-finals,Hungary,4,2,Uruguay,"Extra time",0
100,1954,1954-07-03,"Third place",Austria,3,1,Uruguay,,0
101,1954,1954-07-04,Final,Germany,3,2,Hungary,,0
102,1958,1958-06-08,"Group stage",Sweden,3,0,Mexico,,1
103,1958,1958-06-08,"Group stage",Russia,2,2,England,,0
104,1958,1958-06-08,"Group stage",Argentina,1,3,Germany,,0
105,1958,1958-06-08,"Group stage",Hungary,1,1,Wales,,0
106,1958,1958-06-08,"Group stage",France,7,3,Paraguay,,0
107,1958,1958-06-08,"Group stage",Yugoslavia,1,1,Scotland,,0
108,1958,1958-06-08,"Group stage",Brazil,3,0,Austria,,0
109,1958,1958-06-08,"Group stage","Northern Ireland",1,0,Czechoslovakia,,0
110,1958,1958-06-11,"Group stage",Brazil,0,0,England,,0
111,1958,1958-06-11,"Group stage",Mexico,1,1,Wales,,0
112,1958,1958-06-11,"Group stage",Paraguay,3,2,Scotland,,0
113,1958,1958-06-11,"Group stage",Yugoslavia,3,2,France,,0
114,1958,1958-06-11,"Group stage",Russia,2,0,Austria,,0
115,1958,1958-06-11,"Group stage",Germany,2,2,Czechoslovakia,,0
116,1958,1958-06-11,"Group stage",Argentina,3,1,"Northern Ireland",,0
117,1958,1958-06-12,"Group stage",Sweden,2,1,Hungary,,1
118,1958,1958-06-15,"Group stage",Sweden,0,0,Wales,,1
119,1958,1958-06-15,"Group stage",Brazil,2,0,Russia,,0
120,1958,1958-06-15,"Group stage",Germany,2,2,"Northern Ireland",,0
121,1958,1958-06-15,"Group stage",Hungary,4,0,Mexico,,0
122,1958,1958-06-15,"Group stage",Paraguay,3,3,Yugoslavia,,0
123,1958,1958-06-15,"Group stage",France,2,1,Scotland,,0
124,1958,1958-06-15,"Group stage",England,2,2,Austria,,0
125,1958,1958-06-15,"Group stage",Czechoslovakia,6,1,Argentina,,0
126,1958,1958-06-17,"Group stage",Russia,1,0,England,,0
127,1958,1958-06-17,"Group stage","Northern Ireland",2,1,Czechoslovakia,"Extra time",0
128,1958,1958-06-17,"Group stage",Wales,2,1,Hungary,,0
129,1958,1958-06-19,Quarter-finals,Brazil,1,0,Wales,,0
130,1958,1958-06-19,Quarter-finals,Germany,1,0,Yugoslavia,,0
131,1958,1958-06-19,Quarter-finals,Sweden,2,0,Russia,,1
132,1958,1958-06-19,Quarter-finals,France,4,0,"Northern Ireland",,0
133,1958,1958-06-24,Semi-finals,Sweden,3,1,Germany,,1
134,1958,1958-06-24,Semi-finals,Brazil,5,2,France,,0
135,1958,1958-06-28,"Third place",France,6,3,Germany,,0
136,1958,1958-06-29,Final,Sweden,2,5,Brazil,,1
137,1962,1962-05-30,"Group stage",Uruguay,2,1,Colombia,,0
138,1962,1962-05-30,"Group stage",Brazil,2,0,Mexico,,0
139,1962,1962-05-30,"Group stage",Argentina,1,0,Bulgaria,,0
140,1962,1962-05-30,"Group stage",Chile,3,1,Switzerland,,1
141,1962,1962-05-31,"Group stage",Russia,2,0,Yugoslavia,,0
142,1962,1962-05-31,"Group stage",Czechoslovakia,1,0,Spain,,0
143,1962,1962-05-31,"Group stage",Hungary,2,1,England,,0
144,1962,1962-05-31,"Group stage",Germany,0,0,Italy,,0
145,1962,1962-06-02,"Group stage",Yugoslavia,3,1,Uruguay,,0
146,1962,1962-06-02,"Group stage",Brazil,0,0,Czechoslovakia,,0
147,1962,1962-06-02,"Group stage",England,3,1,Argentina,,0
148,1962,1962-06-02,"Group stage",Chile,2,0,Italy,,1
149,1962,1962-06-03,"Group stage",Russia,4,4,Colombia,,0
150,1962,1962-06-03,"Group stage",Spain,1,0,Mexico,,0
151,1962,1962-06-03,"Group stage",Hungary,6,1,Bulgaria,,0
152,1962,1962-06-03,"Group stage",Germany,2,1,Switzerland,,0
153,1962,1962-06-06,"Group stage",Russia,2,1,Uruguay,,0
154,1962,1962-06-06,"Group stage",Brazil,2,1,Spain,,0
155,1962,1962-06-06,"Group stage",Hungary,0,0,Argentina,,0
156,1962,1962-06-06,"Group stage",Chile,0,2,Germany,,1
157,1962,1962-06-07,"Group stage",Yugoslavia,5,0,Colombia,,0
158,1962,1962-06-07,"Group stage",Mexico,3,1,Czechoslovakia,,0
159,1962,1962-06-07,"Group stage",England,0,0,Bulgaria,,0
160,1962,1962-06-07,"Group stage",Italy,3,0,Switzerland,,0
161,1962,1962-06-10,Quarter-finals,Chile,2,1,Russia,,1
162,1962,1962-06-10,Quarter-finals,Brazil,3,1,England,,0
163,1962,1962-06-10,Quarter-finals,Czechoslovakia,1,0,Hungary,,0
164,1962,1962-06-10,Quarter-finals,Yugoslavia,1,0,Germany,,0
165,1962,1962-06-13,Semi-finals,Czechoslovakia,3,1,Yugoslavia,,0
166,1962,1962-06-13,Semi-finals,Chile,2,4,Brazil,,1
167,1962,1962-06-16,"Third place",Chile,1,0,Yugoslavia,,1
168,1962,1962-06-17,Final,Brazil,3,1,Czechoslovakia,,0
169,1966,1966-07-11,"Group stage",England,0,0,Uruguay,,1
170,1966,1966-07-12,"Group stage",Germany,5,0,Switzerland,,0
171,1966,1966-07-12,"Group stage",Brazil,2,0,Bulgaria,,0
172,1966,1966-07-12,"Group stage",Russia,3,0,"North Korea",,0
173,1966,1966-07-13,"Group stage",France,1,1,Mexico,,0
174,1966,1966-07-13,"Group stage",Portugal,3,1,Hungary,,0
175,1966,1966-07-13,"Group stage",Argentina,2,1,Spain,,0
176,1966,1966-07-13,"Group stage",Italy,2,0,Chile,,0
177,1966,1966-07-15,"Group stage",Uruguay,2,1,France,,0
178,1966,1966-07-15,"Group stage",Spain,2,1,Switzerland,,0
179,1966,1966-07-15,"Group stage",Hungary,3,1,Brazil,,0
180,1966,1966-07-15,"Group stage","North Korea",1,1,Chile,,0
181,1966,1966-07-16,"Group stage",Portugal,3,0,Bulgaria,,0
182,1966,1966-07-16,"Group stage",Germany,0,0,Argentina,,0
183,1966,1966-07-16,"Group stage",Russia,1,0,Italy,,0
184,1966,1966-07-16,"Group stage",England,2,0,Mexico,,1
185,1966,1966-07-19,"Group stage",Uruguay,0,0,Mexico,,0
186,1966,1966-07-19,"Group stage",Argentina,2,0,Switzerland,,0
187,1966,1966-07-19,"Group stage",Portugal,3,1,Brazil,,0
188,1966,1966-07-19,"Group stage","North Korea",1,0,Italy,,0
189,1966,1966-07-20,"Group stage",England,2,0,France,,1
190,1966,1966-07-20,"Group stage",Hungary,3,1,Bulgaria,,0
191,1966,1966-07-20,"Group stage",Germany,2,1,Spain,,0
192,1966,1966-07-20,"Group stage",Russia,2,1,Chile,,0
193,1966,1966-07-23,Quarter-finals,England,1,0,Argentina,,1
194,1966,1966-07-23,Quarter-finals,Germany,4,0,Uruguay,,0
195,1966,1966-07-23,Quarter-finals,Russia,2,1,Hungary,,0
196,1966,1966-07-23,Quarter-finals,Portugal,5,3,"North Korea",,0
197,1966,1966-07-25,Semi-finals,Germany,2,1,Russia,,0
198,1966,1966-07-26,Semi-finals,England,2,1,Portugal,,1
199,1966,1966-07-28,"Third place",Portugal,2,1,Russia,,0
200,1966,1966-07-30,Final,England,4,2,Germany,"Extra time",1
201,1970,1970-05-31,"Group stage",Mexico,0,0,Russia,,1
202,1970,1970-06-02,"Group stage",Uruguay,2,0,Israel,,0
203,1970,1970-06-02,"Group stage",Peru,3,2,Bulgaria,,0
204,1970,1970-06-02,"Group stage",England,1,0,Romania,,0
205,1970,1970-06-03,"Group stage",Italy,1,0,Sweden,,0
206,1970,1970-06-03,"Group stage",Germany,2,1,Morocco,,0
207,1970,1970-06-03,"Group stage",Brazil,4,1,Czechoslovakia,,0
208,1970,1970-06-03,"Group stage",Belgium,3,0,"El Salvador",,0
209,1970,1970-06-06,"Group stage",Uruguay,0,0,Italy,,0
210,1970,1970-06-06,"Group stage",Peru,3,0,Morocco,,0
211,1970,1970-06-06,"Group stage",Romania,2,1,Czechoslovakia,,0
212,1970,1970-06-06,"Group stage",Russia,4,1,Belgium,,0
213,1970,1970-06-07,"Group stage",Sweden,1,1,Israel,,0
214,1970,1970-06-07,"Group stage",Germany,5,2,Bulgaria,,0
215,1970,1970-06-07,"Group stage",Brazil,1,0,England,,0
216,1970,1970-06-07,"Group stage",Mexico,4,0,"El Salvador",,1
217,1970,1970-06-10,"Group stage",Sweden,1,0,Uruguay,,0
218,1970,1970-06-10,"Group stage",Germany,3,1,Peru,,0
219,1970,1970-06-10,"Group stage",Brazil,3,2,Romania,,0
220,1970,1970-06-10,"Group stage",Russia,2,0,"El Salvador",,0
221,1970,1970-06-11,"Group stage",Italy,0,0,Israel,,0
222,1970,1970-06-11,"Group stage",Bulgaria,1,1,Morocco,,0
223,1970,1970-06-11,"Group stage",England,1,0,Czechoslovakia,,0
224,1970,1970-06-11,"Group stage",Mexico,1,0,Belgium,,1
225,1970,1970-06-14,Quarter-finals,Mexico,1,4,Italy,,1
226,1970,1970-06-14,Quarter-finals,Germany,3,2,England,"Extra time",0
227,1970,1970-06-14,Quarter-finals,Brazil,4,2,Peru,,0
228,1970,1970-06-14,Quarter-finals,Uruguay,1,0,Russia,"Extra time",0
229,1970,1970-06-17,Semi-finals,Brazil,3,1,Uruguay,,0
230,1970,1970-06-17,Semi-finals,Italy,4,3,Germany,"Extra time",0
231,1970,1970-06-20,"Third place",Germany,1,0,Uruguay,,0
232,1970,1970-06-21,Final,Brazil,4,1,Italy,,0
233,1974,1974-06-13,"First group stage",Brazil,0,0,Yugoslavia,,0
234,1974,1974-06-14,"First group stage",Germany,1,0,Chile,,1
235,1974,1974-06-14,"First group stage","East Germany",2,0,Australia,,0
236,1974,1974-06-14,"First group stage","DR Congo",0,2,Scotland,,0
237,1974,1974-06-15,"First group stage",Uruguay,0,2,Netherlands,,0
238,1974,1974-06-15,"First group stage",Sweden,0,0,Bulgaria,,0
239,1974,1974-06-15,"First group stage",Italy,3,1,Haiti,,0
240,1974,1974-06-15,"First group stage",Poland,3,2,Argentina,,0
241,1974,1974-06-18,"First group stage",Germany,3,0,Australia,,1
242,1974,1974-06-18,"First group stage",Scotland,0,0,Brazil,,0
243,1974,1974-06-18,"First group stage",Chile,1,1,"East Germany",,0
244,1974,1974-06-18,"First group stage",Yugoslavia,9,0,"DR Congo",,0
245,1974,1974-06-19,"First group stage",Netherlands,0,0,Sweden,,0
246,1974,1974-06-19,"First group stage",Bulgaria,1,1,Uruguay,,0
247,1974,1974-06-19,"First group stage",Haiti,0,7,Poland,,0
248,1974,1974-06-19,"First group stage",Argentina,1,1,Italy,,0
249,1974,1974-06-22,"First group stage",Scotland,1,1,Yugoslavia,,0
250,1974,1974-06-22,"First group stage",Australia,0,0,Chile,,0
251,1974,1974-06-22,"First group stage","DR Congo",0,3,Brazil,,0
252,1974,1974-06-22,"First group stage",Germany,0,1,"East Germany",,1
253,1974,1974-06-23,"First group stage",Bulgaria,1,4,Netherlands,,0
254,1974,1974-06-23,"First group stage",Argentina,4,1,Haiti,,0
255,1974,1974-06-23,"First group stage",Sweden,3,0,Uruguay,,0
256,1974,1974-06-23,"First group stage",Poland,2,1,Italy,,0
257,1974,1974-06-26,"Second group stage",Germany,2,0,Yugoslavia,,1
258,1974,1974-06-26,"Second group stage",Brazil,1,0,"East Germany",,0
259,1974,1974-06-26,"Second group stage",Netherlands,4,0,Argentina,,0
260,1974,1974-06-26,"Second group stage",Sweden,0,1,Poland,,0
261,1974,1974-06-30,"Second group stage",Argentina,1,2,Brazil,,0
262,1974,1974-06-30,"Second group stage",Poland,2,1,Yugoslavia,,0
263,1974,1974-06-30,"Second group stage","East Germany",0,2,Netherlands,,0
264,1974,1974-06-30,"Second group stage",Germany,4,2,Sweden,,1
265,1974,1974-07-03,"Second group stage",Germany,1,0,Poland,,1
266,1974,1974-07-03,"Second group stage",Netherlands,2,0,Brazil,,0
267,1974,1974-07-03,"Second group stage",Argentina,1,1,"East Germany",,0
268,1974,1974-07-03,"Second group stage",Sweden,2,1,Yugoslavia,,0
269,1974,1974-07-06,"Third place",Brazil,0,1,Poland,,0
270,1974,1974-07-07,Final,Germany,2,1,Netherlands,,1
271,1978,1978-06-01,"First group stage",Germany,0,0,Poland,,0
272,1978,1978-06-02,"First group stage",Italy,2,1,France,,0
273,1978,1978-06-02,"First group stage",Tunisia,3,1,Mexico,,0
274,1978,1978-06-02,"First group stage",Argentina,2,1,Hungary,,1
275,1978,1978-06-03,"First group stage",Sweden,1,1,Brazil,,0
276,1978,1978-06-03,"First group stage",Austria,2,1,Spain,,0
277,1978,1978-06-03,"First group stage",Peru,3,1,Scotland,,0
278,1978,1978-06-03,"First group stage",Netherlands,3,0,Iran,,0
279,1978,1978-06-06,"First group stage",Italy,3,1,Hungary,,0
280,1978,1978-06-06,"First group stage",Poland,1,0,Tunisia,,0
281,1978,1978-06-06,"First group stage",Germany,6,0,Mexico,,0
282,1978,1978-06-06,"First group stage",Argentina,2,1,France,,1
283,1978,1978-06-07,"First group stage",Brazil,0,0,Spain,,0
284,1978,1978-06-07,"First group stage",Austria,1,0,Sweden,,0
285,1978,1978-06-07,"First group stage",Scotland,1,1,Iran,,0
286,1978,1978-06-07,"First group stage",Netherlands,0,0,Peru,,0
287,1978,1978-06-10,"First group stage",France,3,1,Hungary,,0
288,1978,1978-06-10,"First group stage",Poland,3,1,Mexico,,0
289,1978,1978-06-10,"First group stage",Germany,0,0,Tunisia,,0
290,1978,1978-06-10,"First group stage",Argentina,0,1,Italy,,1
291,1978,1978-06-11,"First group stage",Brazil,1,0,Austria,,0
292,1978,1978-06-11,"First group stage",Spain,1,0,Sweden,,0
293,1978,1978-06-11,"First group stage",Peru,4,1,Iran,,0
294,1978,1978-06-11,"First group stage",Scotland,3,2,Netherlands,,0
295,1978,1978-06-14,"Second group stage",Germany,0,0,Italy,,0
296,1978,1978-06-14,"Second group stage",Netherlands,5,1,Austria,,0
297,1978,1978-06-14,"Second group stage",Brazil,3,0,Peru,,0
298,1978,1978-06-14,"Second group stage",Argentina,2,0,Poland,,1
299,1978,1978-06-18,"Second group stage",Poland,1,0,Peru,,0
300,1978,1978-06-18,"Second group stage",Italy,1,0,Austria,,0
301,1978,1978-06-18,"Second group stage",Germany,2,2,Netherlands,,0
302,1978,1978-06-18,"Second group stage",Argentina,0,0,Brazil,,1
303,1978,1978-06-21,"Second group stage",Netherlands,2,1,Italy,,0
304,1978,1978-06-21,"Second group stage",Austria,3,2,Germany,,0
305,1978,1978-06-21,"Second group stage",Brazil,3,1,Poland,,0
306,1978,1978-06-21,"Second group stage",Argentina,6,0,Peru,,1
307,1978,1978-06-24,"Third place",Brazil,2,1,Italy,,0
308,1978,1978-06-25,Final,Argentina,3,1,Netherlands,"Extra time",1
309,1982,1982-06-13,"First group stage",Argentina,0,1,Belgium,,0
310,1982,1982-06-14,"First group stage",Italy,0,0,Poland,,0
311,1982,1982-06-14,"First group stage",Brazil,2,1,Russia,,0
312,1982,1982-06-15,"First group stage",Peru,0,0,Cameroon,,0
313,1982,1982-06-15,"First group stage",Hungary,10,1,"El Salvador",,0
314,1982,1982-06-15,"First group stage",Scotland,5,2,"New Zealand",,0
315,1982,1982-06-16,"First group stage",Germany,1,2,Algeria,,0
316,1982,1982-06-16,"First group stage",England,3,1,France,,0
317,1982,1982-06-16,"First group stage",Spain,1,1,Honduras,,1
318,1982,1982-06-17,"First group stage",Chile,0,1,Austria,,0
319,1982,1982-06-17,"First group stage",Czechoslovakia,1,1,Kuwait,,0
320,1982,1982-06-17,"First group stage",Yugoslavia,0,0,"Northern Ireland",,0
321,1982,1982-06-18,"First group stage",Italy,1,1,Peru,,0
322,1982,1982-06-18,"First group stage",Argentina,4,1,Hungary,,0
323,1982,1982-06-18,"First group stage",Brazil,4,1,Scotland,,0
324,1982,1982-06-19,"First group stage",Poland,0,0,Cameroon,,0
325,1982,1982-06-19,"First group stage",Belgium,1,0,"El Salvador",,0
326,1982,1982-06-19,"First group stage",Russia,3,0,"New Zealand",,0
327,1982,1982-06-20,"First group stage",Germany,4,1,Chile,,0
328,1982,1982-06-20,"First group stage",England,2,0,Czechoslovakia,,0
329,1982,1982-06-20,"First group stage",Spain,2,1,Yugoslavia,,1
330,1982,1982-06-21,"First group stage",Algeria,0,2,Austria,,0
331,1982,1982-06-21,"First group stage",France,4,1,Kuwait,,0
332,1982,1982-06-21,"First group stage",Honduras,1,1,"Northern Ireland",,0
333,1982,1982-06-22,"First group stage",Poland,5,1,Peru,,0
334,1982,1982-06-22,"First group stage",Belgium,1,1,Hungary,,0
335,1982,1982-06-22,"First group stage",Russia,2,2,Scotland,,0
336,1982,1982-06-23,"First group stage",Italy,1,1,Cameroon,,0
337,1982,1982-06-23,"First group stage",Argentina,2,0,"El Salvador",,0
338,1982,1982-06-23,"First group stage",Brazil,4,0,"New Zealand",,0
339,1982,1982-06-24,"First group stage",Algeria,3,2,Chile,,0
340,1982,1982-06-24,"First group stage",France,1,1,Czechoslovakia,,0
341,1982,1982-06-24,"First group stage",Honduras,0,1,Yugoslavia,,0
342,1982,1982-06-25,"First group stage",Germany,1,0,Austria,,0
343,1982,1982-06-25,"First group stage",England,1,0,Kuwait,,0
344,1982,1982-06-25,"First group stage",Spain,0,1,"Northern Ireland",,1
345,1982,1982-06-28,"Second group stage",Austria,0,1,France,,0
346,1982,1982-06-28,"Second group stage",Poland,3,0,Belgium,,0
347,1982,1982-06-29,"Second group stage",Italy,2,1,Argentina,,0
348,1982,1982-06-29,"Second group stage",Germany,0,0,England,,0
349,1982,1982-07-01,"Second group stage",Austria,2,2,"Northern Ireland",,0
350,1982,1982-07-01,"Second group stage",Belgium,0,1,Russia,,0
351,1982,1982-07-02,"Second group stage",Argentina,1,3,Brazil,,0
352,1982,1982-07-02,"Second group stage",Spain,1,2,Germany,,1
353,1982,1982-07-04,"Second group stage",France,4,1,"Northern Ireland",,0
354,1982,1982-07-04,"Second group stage",Poland,0,0,Russia,,0
355,1982,1982-07-05,"Second group stage",Italy,3,2,Brazil,,0
356,1982,1982-07-05,"Second group stage",Spain,0,0,England,,1
357,1982,1982-07-08,Semi-finals,Poland,0,2,Italy,,0
358,1982,1982-07-08,Semi-finals,Germany,3,3,France,"Germany win on penalties (5 - 4)",0
359,1982,1982-07-10,"Third place",Poland,3,2,France,,0
360,1982,1982-07-11,Final,Italy,3,1,Germany,,0
361,1986,1986-05-31,"Group stage",Bulgaria,1,1,Italy,,0
362,1986,1986-06-01,"Group stage",Spain,0,1,Brazil,,0
363,1986,1986-06-01,"Group stage",Canada,0,1,France,,0
364,1986,1986-06-02,"Group stage",Russia,6,0,Hungary,,0
365,1986,1986-06-02,"Group stage",Argentina,3,1,"South Korea",,0
366,1986,1986-06-02,"Group stage",Morocco,0,0,Poland,,0
367,1986,1986-06-03,"Group stage",Algeria,1,1,"Northern Ireland",,0
368,1986,1986-06-03,"Group stage",Mexico,2,1,Belgium,,1
369,1986,1986-06-03,"Group stage",Portugal,1,0,England,,0
370,1986,1986-06-04,"Group stage",Paraguay,1,0,Iraq,,0
371,1986,1986-06-04,"Group stage",Uruguay,1,1,Germany,,0
372,1986,1986-06-04,"Group stage",Scotland,0,1,Denmark,,0
373,1986,1986-06-05,"Group stage",Italy,1,1,Argentina,,0
374,1986,1986-06-05,"Group stage",France,1,1,Russia,,0
375,1986,1986-06-05,"Group stage","South Korea",1,1,Bulgaria,,0
376,1986,1986-06-06,"Group stage",Hungary,2,0,Canada,,0
377,1986,1986-06-06,"Group stage",Brazil,1,0,Algeria,,0
378,1986,1986-06-06,"Group stage",England,0,0,Morocco,,0
379,1986,1986-06-07,"Group stage","Northern Ireland",1,2,Spain,,0
380,1986,1986-06-07,"Group stage",Mexico,1,1,Paraguay,,1
381,1986,1986-06-07,"Group stage",Poland,1,0,Portugal,,0
382,1986,1986-06-08,"Group stage",Iraq,1,2,Belgium,,0
383,1986,1986-06-08,"Group stage",Germany,2,1,Scotland,,0
384,1986,1986-06-08,"Group stage",Denmark,6,1,Uruguay,,0
385,1986,1986-06-09,"Group stage",Hungary,0,3,France,,0
386,1986,1986-06-09,"Group stage",Russia,2,0,Canada,,0
387,1986,1986-06-10,"Group stage","South Korea",2,3,Italy,,0
388,1986,1986-06-10,"Group stage",Argentina,2,0,Bulgaria,,0
389,1986,1986-06-11,"Group stage",Paraguay,2,2,Belgium,,0
390,1986,1986-06-11,"Group stage",Mexico,1,0,Iraq,,1
391,1986,1986-06-11,"Group stage",Portugal,1,3,Morocco,,0
392,1986,1986-06-11,"Group stage",England,3,0,Poland,,0
393,1986,1986-06-12,"Group stage","Northern Ireland",0,3,Brazil,,0
394,1986,1986-06-12,"Group stage",Algeria,0,3,Spain,,0
395,1986,1986-06-13,"Group stage",Scotland,0,0,Uruguay,,0
396,1986,1986-06-13,"Group stage",Denmark,2,0,Germany,,0
397,1986,1986-06-15,"Round of 16",Mexico,2,0,Bulgaria,,1
398,1986,1986-06-15,"Round of 16",Russia,3,4,Belgium,"Extra time",0
399,1986,1986-06-16,"Round of 16",Brazil,4,0,Poland,,0
400,1986,1986-06-16,"Round of 16",Argentina,1,0,Uruguay,,0
401,1986,1986-06-17,"Round of 16",Italy,0,2,France,,0
402,1986,1986-06-17,"Round of 16",Morocco,0,1,Germany,,0
403,1986,1986-06-18,"Round of 16",England,3,0,Paraguay,,0
404,1986,1986-06-18,"Round of 16",Denmark,1,5,Spain,,0
405,1986,1986-06-21,Quarter-finals,Brazil,1,1,France,"France win on penalties (3 - 4)",0
406,1986,1986-06-21,Quarter-finals,Mexico,0,0,Germany,"Germany win on penalties (4 - 1)",1
407,1986,1986-06-22,Quarter-finals,Argentina,2,1,England,,0
408,1986,1986-06-22,Quarter-finals,Spain,1,1,Belgium,"Belgium win on penalties (4 - 5)",0
409,1986,1986-06-25,Semi-finals,France,0,2,Germany,,0
410,1986,1986-06-25,Semi-finals,Argentina,2,0,Belgium,,0
411,1986,1986-06-28,"Third place",France,4,2,Belgium,"Extra time",0
412,1986,1986-06-29,Final,Argentina,3,2,Germany,,0
413,1990,1990-06-08,"Group stage",Argentina,0,1,Cameroon,,0
414,1990,1990-06-09,"Group stage",Russia,0,2,Romania,,0
415,1990,1990-06-09,"Group stage","United Arab Emirates",0,2,Colombia,,0
416,1990,1990-06-09,"Group stage",Italy,1,0,Austria,,1
417,1990,1990-06-10,"Group stage","United States",1,5,Czechoslovakia,,0
418,1990,1990-06-10,"Group stage",Brazil,2,1,Sweden,,0
419,1990,1990-06-10,"Group stage",Germany,4,1,Yugoslavia,,0
420,1990,1990-06-11,"Group stage","Costa Rica",1,0,Scotland,,0
421,1990,1990-06-11,"Group stage",England,1,1,"Republic of Ireland",,0
422,1990,1990-06-12,"Group stage",Belgium,2,0,"South Korea",,0
423,1990,1990-06-12,"Group stage",Netherlands,1,1,Egypt,,0
424,1990,1990-06-13,"Group stage",Uruguay,0,0,Spain,,0
425,1990,1990-06-13,"Group stage",Argentina,2,0,Russia,,0
426,1990,1990-06-14,"Group stage",Cameroon,2,1,Romania,,0
427,1990,1990-06-14,"Group stage",Yugoslavia,1,0,Colombia,,0
428,1990,1990-06-14,"Group stage",Italy,1,0,"United States",,1
429,1990,1990-06-15,"Group stage",Austria,0,1,Czechoslovakia,,0
430,1990,1990-06-15,"Group stage",Germany,5,1,"United Arab Emirates",,0
431,1990,1990-06-16,"Group stage",Brazil,1,0,"Costa Rica",,0
432,1990,1990-06-16,"Group stage",Sweden,1,2,Scotland,,0
433,1990,1990-06-16,"Group stage",England,0,0,Netherlands,,0
434,1990,1990-06-17,"Group stage","Republic of Ireland",0,0,Egypt,,0
435,1990,1990-06-17,"Group stage","South Korea",1,3,Spain,,0
436,1990,1990-06-17,"Group stage",Belgium,3,1,Uruguay,,0
437,1990,1990-06-18,"Group stage",Argentina,1,1,Romania,,0
438,1990,1990-06-18,"Group stage",Cameroon,0,4,Russia,,0
439,1990,1990-06-19,"Group stage",Germany,1,1,Colombia,,0
440,1990,1990-06-19,"Group stage",Yugoslavia,4,1,"United Arab Emirates",,0
441,1990,1990-06-19,"Group stage",Italy,2,0,Czechoslovakia,,1
442,1990,1990-06-19,"Group stage",Austria,2,1,"United States",,0
443,1990,1990-06-20,"Group stage",Brazil,1,0,Scotland,,0
444,1990,1990-06-20,"Group stage",Sweden,1,2,"Costa Rica",,0
445,1990,1990-06-21,"Group stage","South Korea",0,1,Uruguay,,0
446,1990,1990-06-21,"Group stage",Belgium,1,2,Spain,,0
447,1990,1990-06-21,"Group stage","Republic of Ireland",1,1,Netherlands,,0
448,1990,1990-06-21,"Group stage",England,1,0,Egypt,,0
449,1990,1990-06-23,"Round of 16",Cameroon,2,1,Colombia,"Extra time",0
450,1990,1990-06-23,"Round of 16",Czechoslovakia,4,1,"Costa Rica",,0
451,1990,1990-06-24,"Round of 16",Brazil,0,1,Argentina,,0
452,1990,1990-06-24,"Round of 16",Germany,2,1,Netherlands,,0
453,1990,1990-06-25,"Round of 16","Republic of Ireland",0,0,Romania,"Republic of Ireland win on penalties (5 - 4)",0
454,1990,1990-06-25,"Round of 16",Italy,2,0,Uruguay,,1
455,1990,1990-06-26,"Round of 16",Spain,1,2,Yugoslavia,"Extra time",0
456,1990,1990-06-26,"Round of 16",England,1,0,Belgium,"Extra time",0
457,1990,1990-06-30,Quarter-finals,Yugoslavia,0,0,Argentina,"Argentina win on penalties (2 - 3)",0
458,1990,1990-06-30,Quarter-finals,Italy,1,0,"Republic of Ireland",,1
459,1990,1990-07-01,Quarter-finals,Germany,1,0,Czechoslovakia,,0
460,1990,1990-07-01,Quarter-finals,England,3,2,Cameroon,"Extra time",0
461,1990,1990-07-03,Semi-finals,Italy,1,1,Argentina,"Argentina win on penalties (3 - 4)",1
462,1990,1990-07-04,Semi-finals,Germany,1,1,England,"Germany win on penalties (4 - 3)",0
463,1990,1990-07-07,"Third place",Italy,2,1,England,,1
464,1990,1990-07-08,Final,Germany,1,0,Argentina,,0
465,1994,1994-06-17,"Group stage",Germany,1,0,Bolivia,,0
466,1994,1994-06-17,"Group stage",Spain,2,2,"South Korea",,0
467,1994,1994-06-18,"Group stage","United States",1,1,Switzerland,,1
468,1994,1994-06-18,"Group stage",Italy,0,1,"Republic of Ireland",,0
469,1994,1994-06-18,"Group stage",Colombia,1,3,Romania,,0
470,1994,1994-06-19,"Group stage",Belgium,1,0,Morocco,,0
471,1994,1994-06-19,"Group stage",Norway,1,0,Mexico,,0
472,1994,1994-06-19,"Group stage",Cameroon,2,2,Sweden,,0
473,1994,1994-06-20,"Group stage",Brazil,2,0,Russia,,0
474,1994,1994-06-20,"Group stage",Netherlands,2,1,"Saudi Arabia",,0
475,1994,1994-06-21,"Group stage",Argentina,4,0,Greece,,0
476,1994,1994-06-21,"Group stage",Germany,1,1,Spain,,0
477,1994,1994-06-21,"Group stage",Nigeria,3,0,Bulgaria,,0
478,1994,1994-06-22,"Group stage",Romania,1,4,Switzerland,,0
479,1994,1994-06-22,"Group stage","United States",2,1,Colombia,,1
480,1994,1994-06-23,"Group stage",Italy,1,0,Norway,,0
481,1994,1994-06-23,"Group stage","South Korea",0,0,Bolivia,,0
482,1994,1994-06-24,"Group stage",Mexico,2,1,"Republic of Ireland",,0
483,1994,1994-06-24,"Group stage",Brazil,3,0,Cameroon,,0
484,1994,1994-06-24,"Group stage",Sweden,3,1,Russia,,0
485,1994,1994-06-25,"Group stage",Belgium,1,0,Netherlands,,0
486,1994,1994-06-25,"Group stage","Saudi Arabia",2,1,Morocco,,0
487,1994,1994-06-25,"Group stage",Argentina,2,1,Nigeria,,0
488,1994,1994-06-26,"Group stage",Bulgaria,4,0,Greece,,0
489,1994,1994-06-26,"Group stage","United States",0,1,Romania,,1
490,1994,1994-06-26,"Group stage",Switzerland,0,2,Colombia,,0
491,1994,1994-06-27,"Group stage",Germany,3,2,"South Korea",,0
492,1994,1994-06-27,"Group stage",Bolivia,1,3,Spain,,0
493,1994,1994-06-28,"Group stage","Republic of Ireland",0,0,Norway,,0
494,1994,1994-06-28,"Group stage",Italy,1,1,Mexico,,0
495,1994,1994-06-28,"Group stage",Brazil,1,1,Sweden,,0
496,1994,1994-06-28,"Group stage",Russia,6,1,Cameroon,,0
497,1994,1994-06-29,"Group stage",Morocco,1,2,Netherlands,,0
498,1994,1994-06-29,"Group stage",Belgium,0,1,"Saudi Arabia",,0
499,1994,1994-06-30,"Group stage",Greece,0,2,Nigeria,,0
500,1994,1994-06-30,"Group stage",Argentina,0,2,Bulgaria,,0
501,1994,1994-07-02,"Round of 16",Germany,3,2,Belgium,,0
502,1994,1994-07-02,"Round of 16",Spain,3,0,Switzerland,,0
503,1994,1994-07-03,"Round of 16","Saudi Arabia",1,3,Sweden,,0
504,1994,1994-07-03,"Round of 16",Romania,3,2,Argentina,,0
505,1994,1994-07-04,"Round of 16",Netherlands,2,0,"Republic of Ireland",,0
506,1994,1994-07-04,"Round of 16","United States",0,1,Brazil,,1
507,1994,1994-07-05,"Round of 16",Nigeria,1,2,Italy,"Extra time",0
508,1994,1994-07-05,"Round of 16",Mexico,1,1,Bulgaria,"Bulgaria win on penalties (1 - 3)",0
509,1994,1994-07-09,Quarter-finals,Italy,2,1,Spain,,0
510,1994,1994-07-09,Quarter-finals,Netherlands,2,3,Brazil,,0
511,1994,1994-07-10,Quarter-finals,Bulgaria,2,1,Germany,,0
512,1994,1994-07-10,Quarter-finals,Romania,2,2,Sweden,"Sweden win on penalties (4 - 5)",0
513,1994,1994-07-13,Semi-finals,Bulgaria,1,2,Italy,,0
514,1994,1994-07-13,Semi-finals,Sweden,0,1,Brazil,,0
515,1994,1994-07-16,"Third place",Sweden,4,0,Bulgaria,,0
516,1994,1994-07-17,Final,Brazil,0,0,Italy,"Brazil win on penalties (3 - 2)",0
517,1998,1998-06-10,"Group stage",Brazil,2,1,Scotland,,0
518,1998,1998-06-10,"Group stage",Morocco,2,2,Norway,,0
519,1998,1998-06-11,"Group stage",Italy,2,2,Chile,,0
520,1998,1998-06-11,"Group stage",Cameroon,1,1,Austria,,0
521,1998,1998-06-12,"Group stage",Paraguay,0,0,Bulgaria,,0
522,1998,1998-06-12,"Group stage","Saudi Arabia",0,1,Denmark,,0
523,1998,1998-06-12,"Group stage",France,3,0,"South Africa",,1
524,1998,1998-06-13,"Group stage",Spain,2,3,Nigeria,,0
525,1998,1998-06-13,"Group stage","South Korea",1,3,Mexico,,0
526,1998,1998-06-13,"Group stage",Netherlands,0,0,Belgium,,0
527,1998,1998-06-14,"Group stage",Argentina,1,0,Japan,,0
528,1998,1998-06-14,"Group stage",Yugoslavia,1,0,Iran,,0
529,1998,1998-06-14,"Group stage",Jamaica,1,3,Croatia,,0
530,1998,1998-06-15,"Group stage",England,2,0,Tunisia,,0
531,1998,1998-06-15,"Group stage",Romania,1,0,Colombia,,0
532,1998,1998-06-15,"Group stage",Germany,2,0,"United States",,0
533,1998,1998-06-16,"Group stage",Scotland,1,1,Norway,,0
534,1998,1998-06-16,"Group stage",Brazil,3,0,Morocco,,0
535,1998,1998-06-17,"Group stage",Chile,1,1,Austria,,0
536,1998,1998-06-17,"Group stage",Italy,3,0,Cameroon,,0
537,1998,1998-06-18,"Group stage","South Africa",1,1,Denmark,,0
538,1998,1998-06-18,"Group stage",France,4,0,"Saudi Arabia",,1
539,1998,1998-06-19,"Group stage",Nigeria,1,0,Bulgaria,,0
540,1998,1998-06-19,"Group stage",Spain,0,0,Paraguay,,0
541,1998,1998-06-20,"Group stage",Japan,0,1,Croatia,,0
542,1998,1998-06-20,"Group stage",Belgium,2,2,Mexico,,0
543,1998,1998-06-20,"Group stage",Netherlands,5,0,"South Korea",,0
544,1998,1998-06-21,"Group stage",Germany,2,2,Yugoslavia,,0
545,1998,1998-06-21,"Group stage",Argentina,5,0,Jamaica,,0
546,1998,1998-06-21,"Group stage","United States",1,2,Iran,,0
547,1998,1998-06-22,"Group stage",Colombia,1,0,Tunisia,,0
548,1998,1998-06-22,"Group stage",Romania,2,1,England,,0
549,1998,1998-06-23,"Group stage",Italy,2,1,Austria,,0
550,1998,1998-06-23,"Group stage",Chile,1,1,Cameroon,,0
551,1998,1998-06-23,"Group stage",Scotland,0,3,Morocco,,0
552,1998,1998-06-23,"Group stage",Brazil,1,2,Norway,,0
553,1998,1998-06-24,"Group stage",France,2,1,Denmark,,1
554,1998,1998-06-24,"Group stage","South Africa",2,2,"Saudi Arabia",,0
555,1998,1998-06-24,"Group stage",Spain,6,1,Bulgaria,,0
556,1998,1998-06-24,"Group stage",Nigeria,1,3,Paraguay,,0
557,1998,1998-06-25,"Group stage",Belgium,1,1,"South Korea",,0
558,1998,1998-06-25,"Group stage",Netherlands,2,2,Mexico,,0
559,1998,1998-06-25,"Group stage",Germany,2,0,Iran,,0
560,1998,1998-06-25,"Group stage","United States",0,1,Yugoslavia,,0
561,1998,1998-06-26,"Group stage",Japan,1,2,Jamaica,,0
562,1998,1998-06-26,"Group stage",Argentina,1,0,Croatia,,0
563,1998,1998-06-26,"Group stage",Romania,1,1,Tunisia,,0
564,1998,1998-06-26,"Group stage",Colombia,0,2,England,,0
565,1998,1998-06-27,"Round of 16",Italy,1,0,Norway,,0
566,1998,1998-06-27,"Round of 16",Brazil,4,1,Chile,,0
567,1998,1998-06-28,"Round of 16",France,1,0,Paraguay,"Extra time",1
568,1998,1998-06-28,"Round of 16",Nigeria,1,4,Denmark,,0
569,1998,1998-06-29,"Round of 16",Germany,2,1,Mexico,,0
570,1998,1998-06-29,"Round of 16",Netherlands,2,1,Yugoslavia,,0
571,1998,1998-06-30,"Round of 16",Romania,0,1,Croatia,,0
572,1998,1998-06-30,"Round of 16",Argentina,2,2,England,"Argentina win on penalties (4 - 3)",0
573,1998,1998-07-03,Quarter-finals,France,0,0,Italy,"France win on penalties (3 - 4)",1
574,1998,1998-07-03,Quarter-finals,Brazil,3,2,Denmark,,0
575,1998,1998-07-04,Quarter-finals,Netherlands,2,1,Argentina,,0
576,1998,1998-07-04,Quarter-finals,Germany,0,3,Croatia,,0
577,1998,1998-07-07,Semi-finals,Brazil,1,1,Netherlands,"Brazil win on penalties (4 - 2)",0
578,1998,1998-07-08,Semi-finals,France,2,1,Croatia,,1
579,1998,1998-07-11,"Third place",Netherlands,1,2,Croatia,,0
580,1998,1998-07-12,Final,France,3,0,Brazil,,1
581,2002,2002-05-31,"Group stage",France,0,1,Senegal,,0
582,2002,2002-06-01,"Group stage","Republic of Ireland",1,1,Cameroon,,0
583,2002,2002-06-01,"Group stage",Uruguay,1,2,Denmark,,0
584,2002,2002-06-01,"Group stage",Germany,8,0,"Saudi Arabia",,0
585,2002,2002-06-02,"Group stage",Argentina,1,0,Nigeria,,0
586,2002,2002-06-02,"Group stage",Paraguay,2,2,"South Africa",,0
587,2002,2002-06-02,"Group stage",England,1,1,Sweden,,0
588,2002,2002-06-02,"Group stage",Spain,3,1,Slovenia,,0
589,2002,2002-06-03,"Group stage",Croatia,0,1,Mexico,,0
590,2002,2002-06-03,"Group stage",Brazil,2,1,Turkey,,0
591,2002,2002-06-03,"Group stage",Italy,2,0,Ecuador,,0
592,2002,2002-06-04,"Group stage",China,0,2,"Costa Rica",,0
593,2002,2002-06-04,"Group stage",Japan,2,2,Belgium,,1
594,2002,2002-06-04,"Group stage","South Korea",2,0,Poland,,1
595,2002,2002-06-05,"Group stage",Russia,2,0,Tunisia,,0
596,2002,2002-06-05,"Group stage","United States",3,2,Portugal,,0
597,2002,2002-06-05,"Group stage",Germany,1,1,"Republic of Ireland",,0
598,2002,2002-06-06,"Group stage",Denmark,1,1,Senegal,,0
599,2002,2002-06-06,"Group stage",Cameroon,1,0,"Saudi Arabia",,0
600,2002,2002-06-06,"Group stage",France,0,0,Uruguay,,0
601,2002,2002-06-07,"Group stage",Sweden,2,1,Nigeria,,0
602,2002,2002-06-07,"Group stage",Spain,3,1,Paraguay,,0
603,2002,2002-06-07,"Group stage",Argentina,0,1,England,,0
604,2002,2002-06-08,"Group stage","South Africa",1,0,Slovenia,,0
605,2002,2002-06-08,"Group stage",Italy,1,2,Croatia,,0
606,2002,2002-06-08,"Group stage",Brazil,4,0,China,,0
607,2002,2002-06-09,"Group stage",Mexico,2,1,Ecuador,,0
608,2002,2002-06-09,"Group stage","Costa Rica",1,1,Turkey,,0
609,2002,2002-06-09,"Group stage",Japan,1,0,Russia,,1
610,2002,2002-06-10,"Group stage","South Korea",1,1,"United States",,1
611,2002,2002-06-10,"Group stage",Tunisia,1,1,Belgium,,0
612,2002,2002-06-10,"Group stage",Portugal,4,0,Poland,,0
613,2002,2002-06-11,"Group stage",Denmark,2,0,France,,0
614,2002,2002-06-11,"Group stage",Senegal,3,3,Uruguay,,0
615,2002,2002-06-11,"Group stage","Saudi Arabia",0,3,"Republic of Ireland",,0
616,2002,2002-06-11,"Group stage",Cameroon,0,2,Germany,,0
617,2002,2002-06-12,"Group stage",Sweden,1,1,Argentina,,0
618,2002,2002-06-12,"Group stage",Nigeria,0,0,England,,0
619,2002,2002-06-12,"Group stage",Slovenia,1,3,Paraguay,,0
620,2002,2002-06-12,"Group stage","South Africa",2,3,Spain,,0
621,2002,2002-06-13,"Group stage","Costa Rica",2,5,Brazil,,0
622,2002,2002-06-13,"Group stage",Turkey,3,0,China,,0
623,2002,2002-06-13,"Group stage",Ecuador,1,0,Croatia,,0
624,2002,2002-06-13,"Group stage",Mexico,1,1,Italy,,0
625,2002,2002-06-14,"Group stage",Japan,2,0,Tunisia,,1
626,2002,2002-06-14,"Group stage",Belgium,3,2,Russia,,0
627,2002,2002-06-14,"Group stage","South Korea",1,0,Portugal,,1
628,2002,2002-06-14,"Group stage",Poland,3,1,"United States",,0
629,2002,2002-06-15,"Round of 16",Germany,1,0,Paraguay,,0
630,2002,2002-06-15,"Round of 16",Denmark,0,3,England,,0
631,2002,2002-06-16,"Round of 16",Sweden,1,2,Senegal,"Golden goal",0
632,2002,2002-06-16,"Round of 16",Spain,1,1,"Republic of Ireland","Spain win on penalties (3 - 2)",0
633,2002,2002-06-17,"Round of 16",Mexico,0,2,"United States",,0
634,2002,2002-06-17,"Round of 16",Brazil,2,0,Belgium,,0
635,2002,2002-06-18,"Round of 16",Japan,0,1,Turkey,,1
636,2002,2002-06-18,"Round of 16","South Korea",2,1,Italy,"Golden goal",1
637,2002,2002-06-21,Quarter-finals,England,1,2,Brazil,,0
638,2002,2002-06-21,Quarter-finals,Germany,1,0,"United States",,0
639,2002,2002-06-22,Quarter-finals,"South Korea",0,0,Spain,"South Korea win on penalties (3 - 5)",1
640,2002,2002-06-22,Quarter-finals,Senegal,0,1,Turkey,"Golden goal",0
641,2002,2002-06-25,Semi-finals,"South Korea",0,1,Germany,,1
642,2002,2002-06-26,Semi-finals,Brazil,1,0,Turkey,,0
643,2002,2002-06-29,"Third place","South Korea",2,3,Turkey,,1
644,2002,2002-06-30,Final,Germany,0,2,Brazil,,0
645,2006,2006-06-09,"Group stage",Germany,4,2,"Costa Rica",,1
646,2006,2006-06-09,"Group stage",Poland,0,2,Ecuador,,0
647,2006,2006-06-10,"Group stage",England,1,0,Paraguay,,0
648,2006,2006-06-10,"Group stage","Trinidad and Tobago",0,0,Sweden,,0
649,2006,2006-06-10,"Group stage",Argentina,2,1,"Ivory Coast",,0
650,2006,2006-06-11,"Group stage",Serbia,0,1,Netherlands,,0
651,2006,2006-06-11,"Group stage",Mexico,3,1,Iran,,0
652,2006,2006-06-11,"Group stage",Angola,0,1,Portugal,,0
653,2006,2006-06-12,"Group stage",Australia,3,1,Japan,,0
654,2006,2006-06-12,"Group stage","United States",0,3,"Czech Republic",,0
655,2006,2006-06-12,"Group stage",Italy,2,0,Ghana,,0
656,2006,2006-06-13,"Group stage","South Korea",2,1,Togo,,0
657,2006,2006-06-13,"Group stage",France,0,0,Switzerland,,0
658,2006,2006-06-13,"Group stage",Brazil,1,0,Croatia,,0
659,2006,2006-06-14,"Group stage",Spain,4,0,Ukraine,,0
660,2006,2006-06-14,"Group stage",Tunisia,2,2,"Saudi Arabia",,0
661,2006,2006-06-14,"Group stage",Germany,1,0,Poland,,1
662,2006,2006-06-15,"Group stage",Ecuador,3,0,"Costa Rica",,0
663,2006,2006-06-15,"Group stage",England,2,0,"Trinidad and Tobago",,0
664,2006,2006-06-15,"Group stage",Sweden,1,0,Paraguay,,0
665,2006,2006-06-16,"Group stage",Argentina,6,0,Serbia,,0
666,2006,2006-06-16,"Group stage",Netherlands,2,1,"Ivory Coast",,0
667,2006,2006-06-16,"Group stage",Mexico,0,0,Angola,,0
668,2006,2006-06-17,"Group stage",Portugal,2,0,Iran,,0
669,2006,2006-06-17,"Group stage","Czech Republic",0,2,Ghana,,0
670,2006,2006-06-17,"Group stage",Italy,1,1,"United States",,0
671,2006,2006-06-18,"Group stage",Japan,0,0,Croatia,,0
672,2006,2006-06-18,"Group stage",Brazil,2,0,Australia,,0
673,2006,2006-06-18,"Group stage",France,1,1,"South Korea",,0
674,2006,2006-06-19,"Group stage",Togo,0,2,Switzerland,,0
675,2006,2006-06-19,"Group stage","Saudi Arabia",0,4,Ukraine,,0
676,2006,2006-06-19,"Group stage",Spain,3,1,Tunisia,,0
677,2006,2006-06-20,"Group stage",Germany,3,0,Ecuador,,1
678,2006,2006-06-20,"Group stage","Costa Rica",1,2,Poland,,0
679,2006,2006-06-20,"Group stage",Sweden,2,2,England,,0
680,2006,2006-06-20,"Group stage",Paraguay,2,0,"Trinidad and Tobago",,0
681,2006,2006-06-21,"Group stage",Iran,1,1,Angola,,0
682,2006,2006-06-21,"Group stage",Portugal,2,1,Mexico,,0
683,2006,2006-06-21,"Group stage",Netherlands,0,0,Argentina,,0
684,2006,2006-06-21,"Group stage","Ivory Coast",3,2,Serbia,,0
685,2006,2006-06-22,"Group stage","Czech Republic",0,2,Italy,,0
686,2006,2006-06-22,"Group stage",Ghana,2,1,"United States",,0
687,2006,2006-06-22,"Group stage",Japan,1,4,Brazil,,0
688,2006,2006-06-22,"Group stage",Croatia,2,2,Australia,,0
689,2006,2006-06-23,"Group stage",Ukraine,1,0,Tunisia,,0
690,2006,2006-06-23,"Group stage","Saudi Arabia",0,1,Spain,,0
691,2006,2006-06-23,"Group stage",Togo,0,2,France,,0
692,2006,2006-06-23,"Group stage",Switzerland,2,0,"South Korea",,0
693,2006,2006-06-24,"Round of 16",Germany,2,0,Sweden,,1
694,2006,2006-06-24,"Round of 16",Argentina,2,1,Mexico,"Extra time",0
695,2006,2006-06-25,"Round of 16",England,1,0,Ecuador,,0
696,2006,2006-06-25,"Round of 16",Portugal,1,0,Netherlands,,0
697,2006,2006-06-26,"Round of 16",Italy,1,0,Australia,,0
698,2006,2006-06-26,"Round of 16",Switzerland,0,0,Ukraine,"Ukraine win on penalties (0 - 3)",0
699,2006,2006-06-27,"Round of 16",Brazil,3,0,Ghana,,0
700,2006,2006-06-27,"Round of 16",Spain,1,3,France,,0
701,2006,2006-06-30,Quarter-finals,Germany,1,1,Argentina,"Germany win on penalties (4 - 2)",1
702,2006,2006-06-30,Quarter-finals,Italy,3,0,Ukraine,,0
703,2006,2006-07-01,Quarter-finals,England,0,0,Portugal,"Portugal win on penalties (1 - 3)",0
704,2006,2006-07-01,Quarter-finals,Brazil,0,1,France,,0
705,2006,2006-07-04,Semi-finals,Germany,0,2,Italy,"Extra time",1
706,2006,2006-07-05,Semi-finals,Portugal,0,1,France,,0
707,2006,2006-07-08,"Third place",Germany,3,1,Portugal,,1
708,2006,2006-07-09,Final,Italy,1,1,France,"Italy win on penalties (5 - 3)",0
709,2010,2010-06-11,"Group stage","South Africa",1,1,Mexico,,1
710,2010,2010-06-11,"Group stage",Uruguay,0,0,France,,0
711,2010,2010-06-12,"Group stage","South Korea",2,0,Greece,,0
712,2010,2010-06-12,"Group stage",Argentina,1,0,Nigeria,,0
713,2010,2010-06-12,"Group stage",England,1,1,"United States",,0
714,2010,2010-06-13,"Group stage",Algeria,0,1,Slovenia,,0
715,2010,2010-06-13,"Group stage",Serbia,0,1,Ghana,,0
716,2010,2010-06-13,"Group stage",Germany,4,0,Australia,,0
717,2010,2010-06-14,"Group stage",Netherlands,2,0,Denmark,,0
718,2010,2010-06-14,"Group stage",Japan,1,0,Cameroon,,0
719,2010,2010-06-14,"Group stage",Italy,1,1,Paraguay,,0
720,2010,2010-06-15,"Group stage","New Zealand",1,1,Slovakia,,0
721,2010,2010-06-15,"Group stage","Ivory Coast",0,0,Portugal,,0
722,2010,2010-06-15,"Group stage",Brazil,2,1,"North Korea",,0
723,2010,2010-06-16,"Group stage",Honduras,0,1,Chile,,0
724,2010,2010-06-16,"Group stage",Spain,0,1,Switzerland,,0
725,2010,2010-06-16,"Group stage","South Africa",0,3,Uruguay,,1
726,2010,2010-06-17,"Group stage",Argentina,4,1,"South Korea",,0
727,2010,2010-06-17,"Group stage",Greece,2,1,Nigeria,,0
728,2010,2010-06-17,"Group stage",France,0,2,Mexico,,0
729,2010,2010-06-18,"Group stage",Germany,0,1,Serbia,,0
730,2010,2010-06-18,"Group stage",Slovenia,2,2,"United States",,0
731,2010,2010-06-18,"Group stage",England,0,0,Algeria,,0
732,2010,2010-06-19,"Group stage",Netherlands,1,0,Japan,,0
733,2010,2010-06-19,"Group stage",Ghana,1,1,Australia,,0
734,2010,2010-06-19,"Group stage",Cameroon,1,2,Denmark,,0
735,2010,2010-06-20,"Group stage",Slovakia,0,2,Paraguay,,0
736,2010,2010-06-20,"Group stage",Italy,1,1,"New Zealand",,0
737,2010,2010-06-20,"Group stage",Brazil,3,1,"Ivory Coast",,0
738,2010,2010-06-21,"Group stage",Portugal,7,0,"North Korea",,0
739,2010,2010-06-21,"Group stage",Chile,1,0,Switzerland,,0
740,2010,2010-06-21,"Group stage",Spain,2,0,Honduras,,0
741,2010,2010-06-22,"Group stage",Mexico,0,1,Uruguay,,0
742,2010,2010-06-22,"Group stage","South Africa",2,1,France,,1
743,2010,2010-06-22,"Group stage",Nigeria,2,2,"South Korea",,0
744,2010,2010-06-22,"Group stage",Greece,0,2,Argentina,,0
745,2010,2010-06-23,"Group stage",Slovenia,0,1,England,,0
746,2010,2010-06-23,"Group stage","United States",1,0,Algeria,,0
747,2010,2010-06-23,"Group stage",Ghana,0,1,Germany,,0
748,2010,2010-06-23,"Group stage",Australia,2,1,Serbia,,0
749,2010,2010-06-24,"Group stage",Slovakia,3,2,Italy,,0
750,2010,2010-06-24,"Group stage",Paraguay,0,0,"New Zealand",,0
751,2010,2010-06-24,"Group stage",Denmark,1,3,Japan,,0
752,2010,2010-06-24,"Group stage",Cameroon,1,2,Netherlands,,0
753,2010,2010-06-25,"Group stage",Portugal,0,0,Brazil,,0
754,2010,2010-06-25,"Group stage","North Korea",0,3,"Ivory Coast",,0
755,2010,2010-06-25,"Group stage",Chile,1,2,Spain,,0
756,2010,2010-06-25,"Group stage",Switzerland,0,0,Honduras,,0
757,2010,2010-06-26,"Round of 16",Uruguay,2,1,"South Korea",,0
758,2010,2010-06-26,"Round of 16","United States",1,2,Ghana,"Extra time",0
759,2010,2010-06-27,"Round of 16",Germany,4,1,England,,0
760,2010,2010-06-27,"Round of 16",Argentina,3,1,Mexico,,0
761,2010,2010-06-28,"Round of 16",Netherlands,2,1,Slovakia,,0
762,2010,2010-06-28,"Round of 16",Brazil,3,0,Chile,,0
763,2010,2010-06-29,"Round of 16",Paraguay,0,0,Japan,"Paraguay win on penalties (5 - 3)",0
764,2010,2010-06-29,"Round of 16",Spain,1,0,Portugal,,0
765,2010,2010-07-02,Quarter-finals,Netherlands,2,1,Brazil,,0
766,2010,2010-07-02,Quarter-finals,Uruguay,1,1,Ghana,"Uruguay win on penalties (4 - 2)",0
767,2010,2010-07-03,Quarter-finals,Argentina,0,4,Germany,,0
768,2010,2010-07-03,Quarter-finals,Paraguay,0,1,Spain,,0
769,2010,2010-07-06,Semi-finals,Uruguay,2,3,Netherlands,,0
770,2010,2010-07-07,Semi-finals,Germany,0,1,Spain,,0
771,2010,2010-07-10,"Third place",Uruguay,2,3,Germany,,0
772,2010,2010-07-11,Final,Netherlands,0,1,Spain,"Extra time",0
773,2014,2014-06-12,"Group stage",Brazil,3,1,Croatia,,1
774,2014,2014-06-13,"Group stage",Mexico,1,0,Cameroon,,0
775,2014,2014-06-13,"Group stage",Spain,1,5,Netherlands,,0
776,2014,2014-06-13,"Group stage",Chile,3,1,Australia,,0
777,2014,2014-06-14,"Group stage",Colombia,3,0,Greece,,0
778,2014,2014-06-14,"Group stage",Uruguay,1,3,"Costa Rica",,0
779,2014,2014-06-14,"Group stage",England,1,2,Italy,,0
780,2014,2014-06-14,"Group stage","Ivory Coast",2,1,Japan,,0
781,2014,2014-06-15,"Group stage",Switzerland,2,1,Ecuador,,0
782,2014,2014-06-15,"Group stage",France,3,0,Honduras,,0
783,2014,2014-06-15,"Group stage",Argentina,2,1,"Bosnia and Herzegovina",,0
784,2014,2014-06-16,"Group stage",Germany,4,0,Portugal,,0
785,2014,2014-06-16,"Group stage",Iran,0,0,Nigeria,,0
786,2014,2014-06-16,"Group stage",Ghana,1,2,"United States",,0
787,2014,2014-06-17,"Group stage",Belgium,2,1,Algeria,,0
788,2014,2014-06-17,"Group stage",Brazil,0,0,Mexico,,1
789,2014,2014-06-17,"Group stage",Russia,1,1,"South Korea",,0
790,2014,2014-06-18,"Group stage",Australia,2,3,Netherlands,,0
791,2014,2014-06-18,"Group stage",Spain,0,2,Chile,,0
792,2014,2014-06-18,"Group stage",Cameroon,0,4,Croatia,,0
793,2014,2014-06-19,"Group stage",Colombia,2,1,"Ivory Coast",,0
794,2014,2014-06-19,"Group stage",Uruguay,2,1,England,,0
795,2014,2014-06-19,"Group stage",Japan,0,0,Greece,,0
796,2014,2014-06-20,"Group stage",Italy,0,1,"Costa Rica",,0
797,2014,2014-06-20,"Group stage",Switzerland,2,5,France,,0
798,2014,2014-06-20,"Group stage",Honduras,1,2,Ecuador,,0
799,2014,2014-06-21,"Group stage",Argentina,1,0,Iran,,0
800,2014,2014-06-21,"Group stage",Germany,2,2,Ghana,,0
801,2014,2014-06-21,"Group stage",Nigeria,1,0,"Bosnia and Herzegovina",,0
802,2014,2014-06-22,"Group stage",Belgium,1,0,Russia,,0
803,2014,2014-06-22,"Group stage","South Korea",2,4,Algeria,,0
804,2014,2014-06-22,"Group stage","United States",2,2,Portugal,,0
805,2014,2014-06-23,"Group stage",Australia,0,3,Spain,,0
806,2014,2014-06-23,"Group stage",Netherlands,2,0,Chile,,0
807,2014,2014-06-23,"Group stage",Brazil,4,1,Cameroon,,1
808,2014,2014-06-23,"Group stage",Croatia,1,3,Mexico,,0
809,2014,2014-06-24,"Group stage",Italy,0,1,Uruguay,,0
810,2014,2014-06-24,"Group stage","Costa Rica",0,0,England,,0
811,2014,2014-06-24,"Group stage",Japan,1,4,Colombia,,0
812,2014,2014-06-24,"Group stage",Greece,2,1,"Ivory Coast",,0
813,2014,2014-06-25,"Group stage",Nigeria,2,3,Argentina,,0
814,2014,2014-06-25,"Group stage","Bosnia and Herzegovina",3,1,Iran,,0
815,2014,2014-06-25,"Group stage",Honduras,0,3,Switzerland,,0
816,2014,2014-06-25,"Group stage",Ecuador,0,0,France,,0
817,2014,2014-06-26,"Group stage","United States",0,1,Germany,,0
818,2014,2014-06-26,"Group stage",Portugal,2,1,Ghana,,0
819,2014,2014-06-26,"Group stage","South Korea",0,1,Belgium,,0
820,2014,2014-06-26,"Group stage",Algeria,1,1,Russia,,0
821,2014,2014-06-28,"Round of 16",Brazil,1,1,Chile,"Brazil win on penalties (3 - 2)",1
822,2014,2014-06-28,"Round of 16",Colombia,2,0,Uruguay,,0
823,2014,2014-06-29,"Round of 16",Netherlands,2,1,Mexico,,0
824,2014,2014-06-29,"Round of 16","Costa Rica",1,1,Greece,"Costa Rica win on penalties (5 - 3)",0
825,2014,2014-06-30,"Round of 16",France,2,0,Nigeria,,0
826,2014,2014-06-30,"Round of 16",Germany,2,1,Algeria,"Extra time",0
827,2014,2014-07-01,"Round of 16",Argentina,1,0,Switzerland,"Extra time",0
828,2014,2014-07-01,"Round of 16",Belgium,2,1,"United States","Extra time",0
829,2014,2014-07-04,Quarter-finals,France,0,1,Germany,,0
830,2014,2014-07-04,Quarter-finals,Brazil,2,1,Colombia,,1
831,2014,2014-07-05,Quarter-finals,Argentina,1,0,Belgium,,0
832,2014,2014-07-05,Quarter-finals,Netherlands,0,0,"Costa Rica","Netherlands win on penalties (4 - 3)",0
833,2014,2014-07-08,Semi-finals,Brazil,1,7,Germany,,1
834,2014,2014-07-09,Semi-finals,Netherlands,0,0,Argentina,"Argentina win on penalties (2 - 4)",0
835,2014,2014-07-12,"Third place",Brazil,0,3,Netherlands,,1
836,2014,2014-07-13,Final,Germany,1,0,Argentina,"Extra time",0
837,2018,2018-06-14,"Group stage",Russia,5,0,"Saudi Arabia",,1
838,2018,2018-06-15,"Group stage",Egypt,0,1,Uruguay,,0
839,2018,2018-06-15,"Group stage",Morocco,0,1,Iran,,0
840,2018,2018-06-15,"Group stage",Portugal,3,3,Spain,,0
841,2018,2018-06-16,"Group stage",France,2,1,Australia,,0
842,2018,2018-06-16,"Group stage",Argentina,1,1,Iceland,,0
843,2018,2018-06-16,"Group stage",Peru,0,1,Denmark,,0
844,2018,2018-06-16,"Group stage",Croatia,2,0,Nigeria,,0
845,2018,2018-06-17,"Group stage","Costa Rica",0,1,Serbia,,0
846,2018,2018-06-17,"Group stage",Germany,0,1,Mexico,,0
847,2018,2018-06-17,"Group stage",Brazil,1,1,Switzerland,,0
848,2018,2018-06-18,"Group stage",Sweden,1,0,"South Korea",,0
849,2018,2018-06-18,"Group stage",Belgium,3,0,Panama,,0
850,2018,2018-06-18,"Group stage",Tunisia,1,2,England,,0
851,2018,2018-06-19,"Group stage",Colombia,1,2,Japan,,0
852,2018,2018-06-19,"Group stage",Poland,1,2,Senegal,,0
853,2018,2018-06-19,"Group stage",Russia,3,1,Egypt,,1
854,2018,2018-06-20,"Group stage",Portugal,1,0,Morocco,,0
855,2018,2018-06-20,"Group stage",Uruguay,1,0,"Saudi Arabia",,0
856,2018,2018-06-20,"Group stage",Iran,0,1,Spain,,0
857,2018,2018-06-21,"Group stage",Denmark,1,1,Australia,,0
858,2018,2018-06-21,"Group stage",France,1,0,Peru,,0
859,2018,2018-06-21,"Group stage",Argentina,0,3,Croatia,,0
860,2018,2018-06-22,"Group stage",Brazil,2,0,"Costa Rica",,0
861,2018,2018-06-22,"Group stage",Nigeria,2,0,Iceland,,0
862,2018,2018-06-22,"Group stage",Serbia,1,2,Switzerland,,0
863,2018,2018-06-23,"Group stage",Belgium,5,2,Tunisia,,0
864,2018,2018-06-23,"Group stage","South Korea",1,2,Mexico,,0
865,2018,2018-06-23,"Group stage",Germany,2,1,Sweden,,0
866,2018,2018-06-24,"Group stage",England,6,1,Panama,,0
867,2018,2018-06-24,"Group stage",Japan,2,2,Senegal,,0
868,2018,2018-06-24,"Group stage",Poland,0,3,Colombia,,0
869,2018,2018-06-25,"Group stage",Russia,0,3,Uruguay,,1
870,2018,2018-06-25,"Group stage","Saudi Arabia",2,1,Egypt,,0
871,2018,2018-06-25,"Group stage",Spain,2,2,Morocco,,0
872,2018,2018-06-25,"Group stage",Iran,1,1,Portugal,,0
873,2018,2018-06-26,"Group stage",Australia,0,2,Peru,,0
874,2018,2018-06-26,"Group stage",Denmark,0,0,France,,0
875,2018,2018-06-26,"Group stage",Nigeria,1,2,Argentina,,0
876,2018,2018-06-26,"Group stage",Iceland,1,2,Croatia,,0
877,2018,2018-06-27,"Group stage","South Korea",2,0,Germany,,0
878,2018,2018-06-27,"Group stage",Mexico,0,3,Sweden,,0
879,2018,2018-06-27,"Group stage",Serbia,0,2,Brazil,,0
880,2018,2018-06-27,"Group stage",Switzerland,2,2,"Costa Rica",,0
881,2018,2018-06-28,"Group stage",Japan,0,1,Poland,,0
882,2018,2018-06-28,"Group stage",Senegal,0,1,Colombia,,0
883,2018,2018-06-28,"Group stage",Panama,1,2,Tunisia,,0
884,2018,2018-06-28,"Group stage",England,0,1,Belgium,,0
885,2018,2018-06-30,"Round of 16",France,4,3,Argentina,,0
886,2018,2018-06-30,"Round of 16",Uruguay,2,1,Portugal,,0
887,2018,2018-07-01,"Round of 16",Russia,1,1,Spain,"Russia win on penalties (4 - 3)",1
888,2018,2018-07-01,"Round of 16",Croatia,1,1,Denmark,"Croatia win on penalties (3 - 2)",0
889,2018,2018-07-02,"Round of 16",Brazil,2,0,Mexico,,0
890,2018,2018-07-02,"Round of 16",Belgium,3,2,Japan,,0
891,2018,2018-07-03,"Round of 16",Sweden,1,0,Switzerland,,0
892,2018,2018-07-03,"Round of 16",Colombia,1,1,England,"England win on penalties (3 - 4)",0
893,2018,2018-07-06,Quarter-finals,Uruguay,0,2,France,,0
894,2018,2018-07-06,Quarter-finals,Brazil,1,2,Belgium,,0
895,2018,2018-07-07,Quarter-finals,Sweden,0,2,England,,0
896,2018,2018-07-07,Quarter-finals,Russia,2,2,Croatia,"Croatia win on penalties (3 - 4)",1
897,2018,2018-07-10,Semi-finals,France,1,0,Belgium,,0
898,2018,2018-07-11,Semi-finals,Croatia,2,1,England,"Extra time",0
899,2018,2018-07-14,"Third place",Belgium,2,0,England,,0
900,2018,2018-07-15,Final,France,4,2,Croatia,,0
